workload,structure,n,operations,average_time_ms,average_work,work_metric,theory_total
random_access,DynamicArray,100,10000,0.295080,10000.0,element_accesses,O(m)
search,DynamicArray,100,1000,0.403760,100000.0,value_comparisons,O(m*n)
insert_front,DynamicArray,100,1000,1.504980,601420.0,moves_or_node_visits,O(m*n+m^2)
remove_front,DynamicArray,100,1000,0.211700,49500.0,moves_or_node_visits,O(m*n)
insert_middle,DynamicArray,100,1000,0.099620,551420.0,moves_or_node_visits,O(m*n+m^2)
remove_middle,DynamicArray,100,1000,0.027020,24500.0,moves_or_node_visits,O(m*n)
random_access,LinkedList,100,10000,0.848400,511327.0,element_accesses,O(m*n)
search,LinkedList,100,1000,0.404060,100000.0,value_comparisons,O(m*n)
insert_front,LinkedList,100,1000,0.067520,1000.0,moves_or_node_visits,O(m)
remove_front,LinkedList,100,1000,0.049660,1000.0,moves_or_node_visits,O(m)
insert_middle,LinkedList,100,1000,0.106660,51000.0,moves_or_node_visits,O(m*n)
remove_middle,LinkedList,100,1000,0.072760,51000.0,moves_or_node_visits,O(m*n)
heap_insert,MinHeap,100,100,0.039780,194.0,element_comparisons,O(n*log(n))
heap_extract,MinHeap,100,100,0.062520,841.0,element_comparisons,O(n*log(n))
random_access,DynamicArray,1000,10000,0.058280,10000.0,element_accesses,O(m)
search,DynamicArray,1000,1000,1.115240,1000000.0,value_comparisons,O(m*n)
insert_front,DynamicArray,1000,1000,0.162560,1500524.0,moves_or_node_visits,O(m*n+m^2)
remove_front,DynamicArray,1000,1000,0.078920,499500.0,moves_or_node_visits,O(m*n)
insert_middle,DynamicArray,1000,1000,0.155440,1000524.0,moves_or_node_visits,O(m*n+m^2)
remove_middle,DynamicArray,1000,1000,0.046020,249500.0,moves_or_node_visits,O(m*n)
random_access,LinkedList,1000,10000,7.552700,5021262.0,element_accesses,O(m*n)
search,LinkedList,1000,1000,2.363360,1000000.0,value_comparisons,O(m*n)
insert_front,LinkedList,1000,1000,0.061520,1000.0,moves_or_node_visits,O(m)
remove_front,LinkedList,1000,1000,0.029720,1000.0,moves_or_node_visits,O(m)
insert_middle,LinkedList,1000,1000,0.810380,501000.0,moves_or_node_visits,O(m*n)
remove_middle,LinkedList,1000,1000,0.772700,501000.0,moves_or_node_visits,O(m*n)
heap_insert,MinHeap,1000,1000,0.065160,2232.0,element_comparisons,O(n*log(n))
heap_extract,MinHeap,1000,1000,0.120600,14994.0,element_comparisons,O(n*log(n))
random_access,DynamicArray,10000,10000,0.162600,10000.0,element_accesses,O(m)
search,DynamicArray,10000,1000,2.852680,10000000.0,value_comparisons,O(m*n)
insert_front,DynamicArray,10000,1000,0.838100,10499500.0,moves_or_node_visits,O(m*n+m^2)
remove_front,DynamicArray,10000,1000,0.656020,9499500.0,moves_or_node_visits,O(m*n)
insert_middle,DynamicArray,10000,1000,0.439480,5499500.0,moves_or_node_visits,O(m*n+m^2)
remove_middle,DynamicArray,10000,1000,0.329720,4499500.0,moves_or_node_visits,O(m*n)
random_access,LinkedList,10000,10000,141.560120,50188951.0,element_accesses,O(m*n)
search,LinkedList,10000,1000,29.921300,10000000.0,value_comparisons,O(m*n)
insert_front,LinkedList,10000,1000,0.018660,1000.0,moves_or_node_visits,O(m)
remove_front,LinkedList,10000,1000,0.031580,1000.0,moves_or_node_visits,O(m)
insert_middle,LinkedList,10000,1000,12.247860,5001000.0,moves_or_node_visits,O(m*n)
remove_middle,LinkedList,10000,1000,13.480500,5001000.0,moves_or_node_visits,O(m*n)
heap_insert,MinHeap,10000,10000,0.321660,22593.0,element_comparisons,O(n*log(n))
heap_extract,MinHeap,10000,10000,0.906080,216736.0,element_comparisons,O(n*log(n))
random_access,DynamicArray,100000,10000,0.059220,10000.0,element_accesses,O(m)
search,DynamicArray,100000,1000,27.808820,100000000.0,value_comparisons,O(m*n)
insert_front,DynamicArray,100000,1000,12.159160,100499500.0,moves_or_node_visits,O(m*n+m^2)
remove_front,DynamicArray,100000,1000,11.862240,99499500.0,moves_or_node_visits,O(m*n)
insert_middle,DynamicArray,100000,1000,4.194720,50499500.0,moves_or_node_visits,O(m*n+m^2)
remove_middle,DynamicArray,100000,1000,4.274620,49499500.0,moves_or_node_visits,O(m*n)
random_access,LinkedList,100000,10000,1494.199500,504940938.0,element_accesses,O(m*n)
search,LinkedList,100000,1000,415.744900,100000000.0,value_comparisons,O(m*n)
insert_front,LinkedList,100000,1000,0.032740,1000.0,moves_or_node_visits,O(m)
remove_front,LinkedList,100000,1000,0.014000,1000.0,moves_or_node_visits,O(m)
insert_middle,LinkedList,100000,1000,140.930580,50001000.0,moves_or_node_visits,O(m*n)
remove_middle,LinkedList,100000,1000,131.476020,50001000.0,moves_or_node_visits,O(m*n)
heap_insert,MinHeap,100000,100000,3.150520,227662.0,element_comparisons,O(n*log(n))
heap_extract,MinHeap,100000,100000,16.760860,2831463.0,element_comparisons,O(n*log(n))
